case,mode,session,flight_id,result,evidence,initial_seats,final_seats,initial_fare,final_fare,mutation_attempts,client_unknown,notes,business_executions,cache_hits
baseline,alo,b855d7e0-5fdb-4a05-8c8b-9eee4687755e,1001,PASSED_LOCAL_UDP,evidence/a/final-java17/matrix/baseline-alo,10,9,100.0,140.0,,False,Actual Java/Python loopback UDP; A server logs verified. Not a three-computer result.,,
baseline,amo,b46cb376-3772-48f8-b058-f2e459125e70,1001,PASSED_LOCAL_UDP,evidence/a/final-java17/matrix/baseline-amo,10,9,100.0,140.0,,False,Actual Java/Python loopback UDP; A server logs verified. Not a three-computer result.,,
request_loss_reserve,alo,4f17e522-503b-472d-8bce-78274bf345c9,1001,PASSED_LOCAL_UDP,evidence/a/final-java17/matrix/request_loss_reserve-alo,10,9,100.0,100.0,2,False,Actual Java/Python loopback UDP; A server logs verified. Not a three-computer result.,1,0
request_loss_reserve,amo,44f7406c-ff64-4241-b52e-ac6a3b0856ee,1001,PASSED_LOCAL_UDP,evidence/a/final-java17/matrix/request_loss_reserve-amo,10,9,100.0,100.0,2,False,Actual Java/Python loopback UDP; A server logs verified. Not a three-computer result.,1,0
reply_loss_reserve,alo,716d516d-fcc5-477b-8584-7a3a6f489c9f,1001,PASSED_LOCAL_UDP,evidence/a/final-java17/matrix/reply_loss_reserve-alo,10,8,100.0,100.0,2,False,Actual Java/Python loopback UDP; A server logs verified. Not a three-computer result.,2,0
reply_loss_reserve,amo,a429daeb-96f8-4172-be2b-b886d0d21820,1001,PASSED_LOCAL_UDP,evidence/a/final-java17/matrix/reply_loss_reserve-amo,10,9,100.0,100.0,2,False,Actual Java/Python loopback UDP; A server logs verified. Not a three-computer result.,1,1
reply_loss_increase,alo,63af856e-4c94-4f72-ad15-df9ee7a6bfc7,1001,PASSED_LOCAL_UDP,evidence/a/final-java17/matrix/reply_loss_increase-alo,10,10,100.0,140.0,2,False,Actual Java/Python loopback UDP; A server logs verified. Not a three-computer result.,2,0
reply_loss_increase,amo,ce4ac996-dc98-408e-bdca-1f9f0093dcfb,1001,PASSED_LOCAL_UDP,evidence/a/final-java17/matrix/reply_loss_increase-amo,10,10,100.0,120.0,2,False,Actual Java/Python loopback UDP; A server logs verified. Not a three-computer result.,1,1
reply_loss_set,alo,ada06072-238d-4f8d-8882-aee6a5d38f11,1001,PASSED_LOCAL_UDP,evidence/a/final-java17/matrix/reply_loss_set-alo,10,10,100.0,120.0,2,False,Actual Java/Python loopback UDP; A server logs verified. Not a three-computer result.,2,0
reply_loss_set,amo,01a9eeef-96a5-43ea-80e5-5ed4b4bd5c86,1001,PASSED_LOCAL_UDP,evidence/a/final-java17/matrix/reply_loss_set-amo,10,10,100.0,120.0,2,False,Actual Java/Python loopback UDP; A server logs verified. Not a three-computer result.,1,1
all_request_loss,alo,e664e0be-70a1-4d7b-ba95-74ffd98eaea3,1001,PASSED_LOCAL_UDP,evidence/a/final-java17/matrix/all_request_loss-alo,10,10,100.0,100.0,5,True,Actual Java/Python loopback UDP; A server logs verified. Not a three-computer result.,0,0
all_request_loss,amo,40290bb1-839d-44fc-88d2-e3956abcc240,1001,PASSED_LOCAL_UDP,evidence/a/final-java17/matrix/all_request_loss-amo,10,10,100.0,100.0,5,True,Actual Java/Python loopback UDP; A server logs verified. Not a three-computer result.,0,0
all_reply_loss,alo,5632b226-7dfb-4d47-9d67-2a0a4f1fc9dd,1001,PASSED_LOCAL_UDP,evidence/a/final-java17/matrix/all_reply_loss-alo,10,5,100.0,100.0,5,True,Actual Java/Python loopback UDP; A server logs verified. Not a three-computer result.,5,0
all_reply_loss,amo,2493051b-220f-4c47-923d-f5828e818b35,1001,PASSED_LOCAL_UDP,evidence/a/final-java17/matrix/all_reply_loss-amo,10,9,100.0,100.0,5,True,Actual Java/Python loopback UDP; A server logs verified. Not a three-computer result.,1,4
monitor,alo,69d55cc5-5c98-4913-9482-4abfea4ad22e,1001,PASSED_LOCAL_UDP,evidence/a/final-java17/matrix/monitor-alo,10,10,100.0,100.0,,False,Actual Java/Python loopback UDP; A server logs verified. Not a three-computer result.,,
monitor,amo,3dffcd1a-b6fd-45f7-bb80-425a44290f3b,1001,PASSED_LOCAL_UDP,evidence/a/final-java17/matrix/monitor-amo,10,10,100.0,100.0,,False,Actual Java/Python loopback UDP; A server logs verified. Not a three-computer result.,,
